Title,Category,Price,Rating,URL,Description
Odama Hoş Geldiniz Cam Duvar Saati,Saat,58.9,product has not been rated yet,https://www.hediyehanem.com/odama-hos-geldiniz-cam-duvar-saati-38188/,"Ürün Özellikleri




Baskı Türü
Sublimasyon



En
27



Boy
27"
Fil Desenli Çocok Odası Duvar Saati Cam Duvar Saati,Saat,58.9,product has not been rated yet,https://www.hediyehanem.com/fil-desenli-cocok-odasi-duvar-saati-cam-duvar-saati-17084/,"Ürün Özellikleri




Baskı Türü
Sublimasyon"
İsimli Kız Bebek Cam Duvar Saati 29cm,Saat,58.9,5,https://www.hediyehanem.com/isimli-kiz-bebek-cam-duvar-saati-29cm-1345/,"Ürün Özellikleri




Baskı Türü
Sublimasyon



Boyutlar
27x27 cm, 27 cm 






Ürün Açıklaması

Özenerek hazırlanan bebek odalarına yakışacak muhteşem bir hediye. Kişiye Özel İsimli Kız Bebek Saat farklı hediye düşünüp bulamayanlar için özel olarak hazırlanmıştır. Yollayacağınız 1 adet fotoğrafın cam saat üzerine basılarak kişiye özel hale getirilmesi ile ölümsüz kalıcı bir hediye vererek her saniye hatırlanmış olacaksınız."
Doğum Panosu Bebek Yastık - Erkek,Yastık,32.9,product has not been rated yet,https://www.hediyehanem.com/dogum-panosu-bebek-yastik-erkek-16271/,"Ürün Özellikleri




Kumaş Türü
Saten



Baskı Türü
Sublimasyon



Boyutlar
40x40 cm






Ürün Açıklaması

Yenidoğan hediyeleri bellidir. Zıbın, önlük vs. çocuğun ihtiyacı olacak ürünler satın alınmak istenir. Ancak şöyle düşünmek gerekir. Herkes aynı hediyeleri alacağına göre, bu kadar eşya ne işe yarayacaktır. Bir de bebek birkaç sene sonra bu ürünleri kullanamayacağından, sizin hediyeniz de tarihe karışacaktır. Bunun yerine, Doğum Panosu Bebek Yastık – Erkek ürününü tercih edebilir, senelerce akılda kalabilirsiniz.
Kime Hediye Edilir?
Doğum Panosu Bebek Yastık – Erkek, Erkek bebeği olan herkese hediye edilebilir. Ürünün ön yüzünde bebeğin ismi, doğum tarihi, saati ve çocuğun doğumdaki fiziki verileri yer alır. Dilerseniz ürünü yeni doğum yapan eşinize de hediye edebilirsiniz.
Ne Zaman Hediye Edilir?
Elbette Doğum Panosu Bebek Yastık – Erkek ürünü bir doğum hediyesidir. Yeni doğan çocuklar için hediye edilmesi uygun olacaktır. Bu nedenle hediye edileceği zaman dilimi, ya doğum ya da doğum ya da çocukluk safhasındaki doğum günleri olabilir. Yani 0 – 3 yaş arasında uygun olan bir üründür.
Özellikleri
Doğum Panosu Bebek Yastık – Erkek ürünü, saten kumaş üzerine süblimasyon baskı ile üretilmiş dekoratif bir üründür. Ürünün içi elyaf malzeme ile doldurulduğundan uzun süre formunu korur.
Teslim Süresi ve Detaylar
Ürün, siparişinizi verdiğiniz gün üretim hattına alınır. 1-3 gün içerisinde işlemleri tamamlanan Doğum Panosu Bebek Yastık – Erkek ürünü, bu süre zarfında tamamlandığı anda size ulaştırılmak için kargoya teslim edilir.
Doğum Panosu Bebek Yastık - Erkek Hakkında Bilmeniz Gerekenleri

Yastık saten kumaşdan üretilmiştir.
Sublimasyon baskı tekniği kullanılmıştır.
Yastık üzerindeki baskı kalıcı ve uzun ömürlüdür.
Uzun süre kullanım için ılık suda elle yıkamanız tavsiye edilir.

 
Yastık Ölçüleri

En:  40cm
Boy: 40cm"
1 Yaş Fotoğraflı Bebek Yastık,Yastık,32.9,5,https://www.hediyehanem.com/1-yas-fotografli-bebek-yastik-17512/,"Ürün Özellikleri




Kumaş Türü
Saten



Baskı Türü
Sublimasyon



Boyutlar
40x40 cm






Ürün Açıklaması

Eşinizi biricik kızınızın ilk doğum gününde muhteşem bir hediyeyle mest etmek istemez misiniz? Bir Yaşında Fotoğraflı Doğum Günü Yastığı - Kız ürünü yavrunuzun doğum günü partisinde dekoratif olarak kullanabileceğiniz, günün anlamına çok yakışacak bir üründür. Eşiniz kişiye özel ürün olan bu yastığı çocuğunuz için tasarlattığınızı görünce çok etkilenecektir.
Hediye Sahibi (Hedef Kitle)
Kızınızın 1. yaş kutlamasında yakın akrabalara vermek üzere hazırlatabileceğiniz Bir Yaşında Fotoğraflı Doğum Günü Yastığı - Kız ürünü bu özel günden geriye kalan, ömür boyu saklanacak bir hatıra olacaktır. Torununuzun, yeğeninizin, arkadaşınızın çocuğunun doğum günü için de sipariş edebilir, hediyenizle duygu dolu anlar yaşatabilirsiniz. 1 yaşındaki bebek henüz ona alınan hediyelerin çok da farkında olmayacağından bebeğe hediye olarak alınabilecek, ileriki yaşlarında severek kullanacağı ve anne babasının ruhunu okşayacak en güzel hediyelerdendir bu anlamlı yastık.
Hediye Zamanı
Bir Yaşında Fotoğraflı Doğum Günü Yastığı - Kız ürünü kız çocuklarının 1. Yaş Günü için en beğenilen Doğum Günü Hediyelerindendir. 1.Yaş Günü Hediyesi ebeveynler için en önemli günde, yani bebeğin ilk doğum gününde verileceğinden en eşsiz armağan olmalıdır.
Ürün Özellikleri
Beyaz saten kumaş üzerine süblimasyon yöntemiyle yapılan dayanıklı baskıyla hazırlanan yastığın en geniş kısmını bebeğin fotoğrafı oluşturur. Fotoğrafın yanında mum ikonuyla hareketlenen ""1 Yaşında"" yazısı yer alır. Alta bebeğin ismi ve doğum tarihi yazılır. 
Teslimat Süresi ve Açıklamalar

Ürün 2 iş günü içerisinde sizin belirlediğiniz niteliklere göre üretilip kargoya verilir.
Ürünün isim ve tarih bilgileri ürün ekranında doğru yazılmış olmalıdır. Baskıdan çıkan ürünün baskısının düzeltilebilmesi mümkün değildir.
Kargo teslim almadan önce paketin zarar görmemiş olduğunu kontrol etmeniz ve zarar görmüş ambalajları teslim almamanız gerekmektedir.

 
1 Yaş Fotoğraflı Bebek Yastık Hakkında Bilmeniz Gerekenleri

Yastık saten kumaşdan üretilmiştir.
Sublimasyon baskı tekniği kullanılmıştır.
Yastık üzerindeki baskı kalıcı ve uzun ömürlüdür.
Uzun süre kullanım için ılık suda elle yıkamanız tavsiye edilir.

 
Yastık Ölçüleri

En:  40cm
Boy: 40cm"
Doğum Panosu Bebek Yastık - Kız,Yastık,32.9,5,https://www.hediyehanem.com/dogum-panosu-bebek-yastik-kiz-16269/,"Ürün Özellikleri




Kumaş Türü
Saten



Baskı Türü
Sublimasyon



Boyutlar
40x40 cm






Ürün Açıklaması

Bebeklerin dünyaya gelişi anne ve babaların hayatındaki en unutulmaz, en mutluluk verici olaydır. Bu o kadar özel bir olaydır ki her detayı çok önemlidir ve bu yüzden doğum panoları ortaya çıkmıştır. Biz de doğum panolarını yastık üzerine taşıdık ve Doğum Panosu Bebek Yastık ürününü ortaya çıkardık. Bebeğin ismi, boyu ve kilosu, doğduğu günün tarih ve saati ile birlikte yastık üzerine yazılır. Doğum Panosu Bebek Yastık, bebeğin beşiği için veya evin herhangi bir yeri için çok hoş ve dekoratiftir. Bebek Yastık ürününü bebeğiniz için de alabilir, doğum yapan kardeşiniz veya arkadaşınız için sürpriz amaçlı da düşünebilirsiniz.
Özellikler
Saten kumaş kullanılarak, vinil iç malzeme ile doldurulan yastığın baskısı süblimasyon teknolojisi ile yapılır. Bu sayede hem yumuşak bir dokuya sahip olur hem de uzun süre baskı niteliklerini kaybetmez. Bu yastık, daha çok dekor maksadı ile kullanıma uygundur. Ebatları uyumak için uygun değildir. Bebek yastık, yüzü değiştirilebilen bir ürün değildir. Bu nedenle günlük kullanım yerine daha çok dekor maksadı ile düşünülmelidir.
Doğum Panosu Bebek Yastık - Kız Hakkında Bilmeniz Gerekenleri

Yastık saten kumaşdan üretilmiştir.
Sublimasyon baskı tekniği kullanılmıştır.
Yastık üzerindeki baskı kalıcı ve uzun ömürlüdür.
Uzun süre kullanım için ılık suda elle yıkamanız tavsiye edilir.

 
Yastık Ölçüleri

En:  40cm
Boy: 40cm"
Bebek Fotoğraflı Duvar Saati 29cm,Saat,58.9,5,https://www.hediyehanem.com/bebek-fotografli-duvar-saati-29cm-1342/,"Ürün Özellikleri




Baskı Türü
Sublimasyon



Boyutlar
27x27 cm, 29 cm






Ürün Açıklaması

Özenerek hazırlanan bebek odalarına yakışacak muhteşem bir hediye. Kişiye Özel Bebek Fotoğraflı Saat farklı hediye düşünüp bulamayanlar için özel olarak hazırlanmıştır. Yollayacağınız 1 adet fotoğrafın cam saat üzerine basılarak kişiye özel hale getirilmesi ile ölümsüz kalıcı bir hediye vererek her saniye hatırlanmış olacaksınız."
Fotoğraflı Bebek Saati Cam Duvar Saati,Saat,58.9,product has not been rated yet,https://www.hediyehanem.com/fotografli-bebek-saati-cam-duvar-saati-35633/,"Ürün Özellikleri




Baskı Türü
Sublimasyon



Çap
29 cm



Kullanılan Malzeme
Cam"
Flamingo Desenli Çocok Odası Cam Duvar Saati,Saat,58.9,5,https://www.hediyehanem.com/flamingo-desenli-cocok-odasi-cam-duvar-saati-20578/,"Ürün Özellikleri




Baskı Türü
Sublimasyon






Ürün Açıklaması

Saatleri yeni öğrenmeye başlayan çocuklara hediye edilebilecek veya yeni doğan bir bebeğe hediye edilebilecek Flamingo Temalı İsimli Cam Duvar Saati - 29 cm ürünü tasarımında kullanılan renklerin ahengiyle, resimlerin güzelliğiyle ve kişiye özel ürün oluşuyla hayranlık uyandıracak bir armağandır. Kız çocuklarının bu kadar süslü, neşeli bir saati beğenmeme ihtimali yoktur. Pembe rengin ağırlıklı olarak kullanıldığı saat, hediye edeceğiniz çocuğu sevince boğacaktır.  
Hediye Sahibi (Hedef Kitle)
Bebeklikten başlayıp 14-15 yaşındaki kız çocuklarına varana kadar hediye edilebilme olanağı sunan Flamingo Temalı İsimli Cam Duvar Saati - 29 cm ürünü hiçbir yerde rastlayamacağınız farklı bir görünüme sahiptir. Sayıları öğrenme aşamasındaki bir çocuk için çok yararlı bir hediye olacaktır. Kendi kızınıza alabileceğiniz gibi yeğeninize, arkadaşlarınızın, akrabalarınızın çocuklarına da alabilirsiniz. Çocuklarınız arkadaşlarının doğum günü partisine giderken de bu göz alıcı saati götürebilirler.
Hediye Zamanı
Doğum Hediyesi olarak arkadaşa hediye edebileceğiniz en değişik hediyelerden olan Flamingo Temalı İsimli Cam Duvar Saati - 29 cm ürünü yeni doğan bir bebeğin odasının masalsı havasına çok yakışacaktır. Çocukların çok severek kullanacağı bu şirin saat unutulmaz Doğum Günü Hediyeleri' nden olacaktır.
Ürün Özellikleri
Cam malzemeden üretilen saatin üzerindeki baskı, kalıcı olması için süblimasyon yöntemiyle yapılır. Saatin üzerindeki rakamların her biri farklı renktedir. Çok sevimli bir flamingo resmi, hediye sahibinin isminin baş harfi, ismi ve doğum tarihiyle tasarlanır. 
Teslimat Süresi ve Açıklamalar

Ürün 2 iş günü içerisinde sizin belirlediğiniz niteliklere göre üretilip kargoya verilir.
Ürünün isim bilgileri ürün ekranında doğru yazılmış olmalıdır. Baskıdan çıkan ürünün baskısının düzeltilebilmesi mümkün değildir.
Kargo teslim almadan önce paketin zarar görmemiş olduğunu kontrol etmeniz ve zarar görmüş ambalajları teslim almamanız gerekmektedir."
Bir Yaşında Fotoğraflı Doğum Günü Yastığı - Erkek,Yastık,32.9,5,https://www.hediyehanem.com/bir-yasinda-fotografli-dogum-gunu-yastigi-erkek-17513/,"Ürün Özellikleri




Kumaş Türü
Saten



Baskı Türü
Sublimasyon



Boyutlar
40x40 cm






Ürün Açıklaması

Çocukların her yaşı, her anı anne babalar için çok değerlidir. Fakat 1. Yaş Günü tüm doğum günleri içinde en özel olanıdır. Anne, baba, anneanne, dede, babaanne, hala, teyze, tüm akrabalar ve arkadaşlar bu kıymetli güne yakışacak bir doğum günü hediyesi bulma telaşına düşerler. Bir Yaşında Fotoğraflı Doğum Günü Yastığı - Erkek ürünü 1. Yaş Günü Hediyesi olarak yaptırılabilecek en orjinal, en göz alıcı hediyedir. Yastığın büyük bir kısmı doğum günü kahramanının mükemmel fotoğrafıyla kaplanınca, bakmaya doyulamayacak güzellikte bir ürün ortaya çıkar.
Hediye Sahibi (Hedef Kitle)
1. Yaşı kutlanan bebeğe hediye olarak tasarlanan Bir Yaşında Fotoğraflı Doğum Günü Yastığı - Erkek ürünü anne ve babalar tarafından bebeklerinin doğum günü partisinde kullanılmak ve daha sonra saklanıp, anlayacağı bir yaşa geldiğinde kendisine verilmek üzere alınabilir. Doğum günü temalı hediyelik eşyalar arasında en beğenilen ürünlerden olan bu yastık; torunlara, yeğenlere veya arkadaşların bebeklerine armağan edilebilir. 
Hediye Zamanı
1 yaşındaki erkek çocuk için alınan kıyafet, oyuncak gibi hediyeler küçüldüğünde veya eskidiğinde anlamını yitirebilecekken, kişiye özel ürün olan bu yastık kalıcı bir hediye olması sebebiyle çocukluk hatırası olarak muhafaza edilebilecek, en unutulmaz Doğum Günü Hediyelerinden olacaktır. 
Ürün Özellikleri
Beyaz saten kumaş üzerine süblimasyon yöntemiyle kalıcı baskı yapılır. Mum görünümünde 1 rakamı, doğum günü bebeğinin fotoğrafı, ismi ve doğum tarihiyle tasarlanır.
Teslimat Süresi ve Açıklamalar

Ürün 2 iş günü içerisinde sizin belirlediğiniz niteliklere göre üretilip kargoya verilir.
Ürünün isim ve tarih bilgileri ürün ekranında doğru yazılmış olmalıdır. Baskıdan çıkan ürünün baskısının düzeltilebilmesi mümkün değildir.
Kargo teslim almadan önce paketin zarar görmemiş olduğunu kontrol etmeniz ve zarar görmüş ambalajları teslim almamanız gerekmektedir.

 
Bir Yaşında Fotoğraflı Doğum Günü Yastığı - Erkek Hakkında Bilmeniz Gerekenleri

Yastık saten kumaşdan üretilmiştir.
Sublimasyon baskı tekniği kullanılmıştır.
Yastık üzerindeki baskı kalıcı ve uzun ömürlüdür.
Uzun süre kullanım için ılık suda elle yıkamanız tavsiye edilir.

 
Yastık Ölçüleri

En:  40cm
Boy: 40cm"
Filli İsimli Bebek Yastık,Yastık,32.9,product has not been rated yet,https://www.hediyehanem.com/filli-isimli-bebek-yastik-57/,"Ürün Özellikleri




Kumaş Türü
Saten



Baskı Türü
Sublimasyon



Boyutlar
40x40 cm






Ürün Açıklaması

Bebek sahibi olmak dünyanın en güzel olayıdır. Bebek bekleyen çiftler yavaş yavaş bebeklerinin odasını hazırlar, eşyalarını alırken anneanne, babaanne, dede, hala, teyze, dayı ve çiftin arkadaşları aralarına katılacak bu taze nefes için hediye telaşına düşerler. Her şeyin bebeğine özel olmasını isteyen anne ve babalar için, doğacak bebeklerine sıra dışı ve farklı bir ürün olan Filli İsimli Bebek Yastık hediye edebilirsiniz. 
Hediye Sahibi (Hedef Kitle)
Ailenizde veya çevrenizde doğum yapacak bir tanıdığınıza Filli İsimli Bebek alarak odasına renk katabilir, odasını sizden bir hatırayla süsleyebilirsiniz. Filli İsimli Bebek Yastık renkli görüntüsü ile görsel algıyı destekler ve bebeklerin ilgisini çeker. Tasarım bebek odalarına farklı bir ahenk katar. 13- 14 yaşına kadar çocuklarınız için de alabileceğiniz ideal bir üründür.
Hediye Zamanı
Filli İsimli Bebek Yastık ürününü yakınlarınıza doğum hediyesi olarak veya çocuklarınızın, yeğenlerinizin, torunlarınızın doğum günlerinde hediye edebilirsiniz. Karne hediyesi olarak da verilebilecek sevimli ve değişik bir üründür. 
Ürün Özellikleri
Süblimasyon baskı yöntemi kullanılarak hediyeyi alacağınız bebeğin veya çocuğun ismine özel tasarlanır. Hediye üzerinde ismini görmek her çocuğu mutlu eder ve önemsendiğini hissettirir. Beyaz saten üzerine renkli puantiye deseniyle hareket kazandırılan Filli İsimli Bebek Yastık çocukların daha hevesli uyumasını sağlayacak tatlı bir fil figürüne sahiptir. Hediye sahibinin ismi bu filin hortumundan baloncuk içinde çıkar.
Teslimat Süresi ve Açıklamalar

Ürün 2 iş günü içerisinde sizin belirlediğiniz niteliklere göre üretilip kargoya verilir.
Ürünün isim bilgileri ürün ekranında doğru yazılmış olmalıdır. Baskıdan çıkan ürünün baskısının düzeltilebilmesi mümkün değildir.
Kargo teslim almadan önce paketin zarar görmemiş olduğunu kontrol etmeniz ve zarar görmüş ambalajları teslim almamanız gerekmektedir.


Filli İsimli Bebek Yastık Hakkında Bilmeniz Gerekenleri

Yastık saten kumaşdan üretilmiştir.
Sublimasyon baskı tekniği kullanılmıştır.
Yastık üzerindeki baskı kalıcı ve uzun ömürlüdür.
Uzun süre kullanım için ılık suda elle yıkamanız tavsiye edilir.

 
Yastık Ölçüleri

En:  40cm
Boy: 40cm"
İsimli ve Fotoğraflı Çocuk Doğum Günü Yastığı Yastık,Yastık,32.9,product has not been rated yet,https://www.hediyehanem.com/isimli-ve-fotografli-cocuk-dogum-gunu-yastigi-yastik-22914/,"Ürün Özellikleri




Kumaş Türü
Saten



Baskı Türü
Sublimasyon






Ürün Açıklaması

İsimli ve Fotoğraflı Çocuk Doğum Günü Yastığı Yastık Hakkında Bilmeniz Gerekenleri

Yastık saten kumaşdan üretilmiştir.
Sublimasyon baskı tekniği kullanılmıştır.
Yastık üzerindeki baskı kalıcı ve uzun ömürlüdür.
Uzun süre kullanım için ılık suda elle yıkamanız tavsiye edilir.

 
Yastık Ölçüleri

En:  40cm
Boy: 40cm"
Araba Temalı Çocuk Odası Duvar Saati Cam,Saat,58.9,product has not been rated yet,https://www.hediyehanem.com/araba-temali-cocuk-odasi-duvar-saati-cam-17060/,"Ürün Özellikleri




Baskı Türü
Sublimasyon"
2 Yaş Doğum Günü Yastığı - Kız,Yastık,32.9,product has not been rated yet,https://www.hediyehanem.com/2-yas-dogum-gunu-yastigi-kiz-17526/,"Ürün Özellikleri




Kumaş Türü
Saten



Baskı Türü
Sublimasyon



Boyutlar
40x40 cm






Ürün Açıklaması

2 Yaş Doğum Günü Yastığı - Kız Hakkında Bilmeniz Gerekenleri

Yastık saten kumaşdan üretilmiştir.
Sublimasyon baskı tekniği kullanılmıştır.
Yastık üzerindeki baskı kalıcı ve uzun ömürlüdür.
Uzun süre kullanım için ılık suda elle yıkamanız tavsiye edilir.

 
Yastık Ölçüleri

En:  40cm
Boy: 40cm"
2 Yaş Doğum Günü Yastığı,Yastık,32.9,product has not been rated yet,https://www.hediyehanem.com/2-yas-dogum-gunu-yastigi-17520/,"Ürün Özellikleri




Kumaş Türü
Saten



Baskı Türü
Sublimasyon



Boyutlar
40x40 cm






Ürün Açıklaması

2 Yaş Doğum Günü Yastığı Hakkında Bilmeniz Gerekenleri

Yastık saten kumaşdan üretilmiştir.
Sublimasyon baskı tekniği kullanılmıştır.
Yastık üzerindeki baskı kalıcı ve uzun ömürlüdür.
Uzun süre kullanım için ılık suda elle yıkamanız tavsiye edilir.

 
Yastık Ölçüleri

En:  40cm
Boy: 40cm"
3 Yaş Doğum Günü Yastığı - Kız,Yastık,32.9,product has not been rated yet,https://www.hediyehanem.com/3-yas-dogum-gunu-yastigi-kiz-17525/,"Ürün Özellikleri




Kumaş Türü
Saten



Baskı Türü
Sublimasyon



Boyutlar
40x40 cm






Ürün Açıklaması

3 Yaş Doğum Günü Yastığı - Kız Hakkında Bilmeniz Gerekenleri

Yastık saten kumaşdan üretilmiştir.
Sublimasyon baskı tekniği kullanılmıştır.
Yastık üzerindeki baskı kalıcı ve uzun ömürlüdür.
Uzun süre kullanım için ılık suda elle yıkamanız tavsiye edilir.

 
Yastık Ölçüleri

En:  40cm
Boy: 40cm"
5 Yaş Doğum Günü Yastığı - Kız,Yastık,32.9,product has not been rated yet,https://www.hediyehanem.com/5-yas-dogum-gunu-yastigi-kiz-17523/,"Ürün Özellikleri




Kumaş Türü
Saten



Baskı Türü
Sublimasyon



Boyutlar
40x40 cm






Ürün Açıklaması

5 Yaş Doğum Günü Yastığı - Kız Hakkında Bilmeniz Gerekenleri

Yastık saten kumaşdan üretilmiştir.
Sublimasyon baskı tekniği kullanılmıştır.
Yastık üzerindeki baskı kalıcı ve uzun ömürlüdür.
Uzun süre kullanım için ılık suda elle yıkamanız tavsiye edilir.

 
Yastık Ölçüleri

En:  40cm
Boy: 40cm"
Ben Geldim Bebek Cam Duvar Saati,Saat,58.9,product has not been rated yet,https://www.hediyehanem.com/ben-geldim-bebek-cam-duvar-saati-1344/,"Ürün Özellikleri




Baskı Türü
Sublimasyon



Boyutlar
27x27 cm, 27 cm






Ürün Açıklaması

Özenerek hazırlanan bebek odalarına yakışacak muhteşem bir hediye. Kişiye Özel İsimli Erkek Bebek Saat farklı hediye düşünüp bulamayanlar için özel olarak hazırlanmıştır. Yollayacağınız 1 adet fotoğrafın cam saat üzerine basılarak kişiye özel hale getirilmesi ile ölümsüz kalıcı bir hediye vererek her saniye hatırlanmış olacaksınız."
1 Yaş Doğum Günü Yastığı,Yastık,32.9,product has not been rated yet,https://www.hediyehanem.com/1-yas-dogum-gunu-yastigi-17521/,"Ürün Özellikleri




Kumaş Türü
Saten



Baskı Türü
Sublimasyon



Boyutlar
40x40 cm






Ürün Açıklaması

1 Yaş Doğum Günü Yastığı Hakkında Bilmeniz Gerekenleri

Yastık saten kumaşdan üretilmiştir.
Sublimasyon baskı tekniği kullanılmıştır.
Yastık üzerindeki baskı kalıcı ve uzun ömürlüdür.
Uzun süre kullanım için ılık suda elle yıkamanız tavsiye edilir.

 
Yastık Ölçüleri

En:  40cm
Boy: 40cm"
3 Yaş Doğum Günü Yastığı,Yastık,32.9,product has not been rated yet,https://www.hediyehanem.com/3-yas-dogum-gunu-yastigi-17519/,"Ürün Özellikleri




Kumaş Türü
Saten



Baskı Türü
Sublimasyon



Boyutlar
40x40 cm






Ürün Açıklaması

3 Yaş Doğum Günü Yastığı Hakkında Bilmeniz Gerekenleri

Yastık saten kumaşdan üretilmiştir.
Sublimasyon baskı tekniği kullanılmıştır.
Yastık üzerindeki baskı kalıcı ve uzun ömürlüdür.
Uzun süre kullanım için ılık suda elle yıkamanız tavsiye edilir.

 
Yastık Ölçüleri

En:  40cm
Boy: 40cm"
1 Yaş Doğum Günü Yastığı - Kız,Yastık,32.9,product has not been rated yet,https://www.hediyehanem.com/1-yas-dogum-gunu-yastigi-kiz-17527/,"Ürün Özellikleri




Kumaş Türü
Saten



Baskı Türü
Sublimasyon



Boyutlar
40x40 cm






Ürün Açıklaması

1 Yaş Doğum Günü Yastığı - Kız Hakkında Bilmeniz Gerekenleri

Yastık saten kumaşdan üretilmiştir.
Sublimasyon baskı tekniği kullanılmıştır.
Yastık üzerindeki baskı kalıcı ve uzun ömürlüdür.
Uzun süre kullanım için ılık suda elle yıkamanız tavsiye edilir.

 
Yastık Ölçüleri

En:  40cm
Boy: 40cm"
Bir (1) Yaşında Yastık - Erkek,Yastık,32.9,product has not been rated yet,https://www.hediyehanem.com/bir-1-yasinda-yastik-erkek-22913/,"Ürün Özellikleri




Kumaş Türü
Saten



Baskı Türü
Sublimasyon






Ürün Açıklaması

Bir (1) Yaşında Yastık - Erkek Hakkında Bilmeniz Gerekenleri

Yastık saten kumaşdan üretilmiştir.
Sublimasyon baskı tekniği kullanılmıştır.
Yastık üzerindeki baskı kalıcı ve uzun ömürlüdür.
Uzun süre kullanım için ılık suda elle yıkamanız tavsiye edilir.

 
Yastık Ölçüleri

En:  40cm
Boy: 40cm"
Emoji Duvar Saati,Saat,58.9,product has not been rated yet,https://www.hediyehanem.com/emoji-duvar-saati-38179/,"Ürün Özellikleri




Baskı Türü
Sublimasyon



En
27



Boy
27"
Erkek Çocuk Odası Duvar Saati,Saat,58.9,product has not been rated yet,https://www.hediyehanem.com/erkek-cocuk-odasi-duvar-saati-38185/,"Ürün Özellikleri




Baskı Türü
Sublimasyon



En
27



Boy
27"
Fil Desenli Çocok Odası Duvar Saati  Cam Duvar Saati,Saat,58.9,5,https://www.hediyehanem.com/fil-desenli-cocok-odasi-duvar-saati-cam-duvar-saati-17085/,"Ürün Özellikleri




Baskı Türü
Sublimasyon






Ürün Açıklaması

Aileye bir erkek çocuk dahil olmak üzereyse fakat siz bebeğe hediye alma konusunda çok tecrübesizseniz hiç üzülmeyin. hediyehanem.com bebeklere hediye kategorisinde de çok çeşitli alternatiflere sahip olduğundan hiç sıkıntı çekmeden yeğeninize en yakışacak hoşgeldin hediyesini siz alacaksınız. İşte karşınızda özenle hazırlanan bebek odasına renk katacak şahane bir ürün: Kişiye Özel Ürün Fil Temalı İsimli Çocuk Odası Cam Duvar Saati - Erkek. 
Hediye Sahibi (Hedef Kitle)
Çocuğunuz arkadaşa hediye alma konusunda çok seçici davranıyor ve sizi epey yoruyorlarsa, Fil Temalı İsimli Çocuk Odası Cam Duvar Saati - Erkek ürününü ona gösterin ve mağaza mağaza hediye arama derdine son verin. Çocuklara hediye alırken böyle farklı ve üzerinde isimlerinin yazılı olduğu ürünler almak onları çok mutlu eder.
Hediye Zamanı
Çocuklara hitap eden eğlenceli Doğum Günü Hediyeleri seçmek hiç bana göre değil, onların neyi sevip sevmeyeceklerini tahmin edemiyorum diyorsanız, Fil Temalı İsimli Çocuk Odası Cam Duvar Saati - Erkek ürünü böyle tasalara mahal vermez. Her çocuk odasında böylesine güzel ve kendisine özel hazırlanan bir saati görmekten hoşlanır. 
Ürün Özellikleri
Süblimasyon baskıyla, cam malzemeden üretilen ürün; bebeklere de 14 yaşına kadar olan çocuklara da uygundur. Üzerinde şirin bir fil resmi, hediye sahibinin baş harfi, ismi ve doğum tarihi yer alır. Saatleri öğrenme konusunda çocukları heveslendirecek bir hediyedir.
Teslimat Süresi ve Açıklamalar

Ürün 2 iş günü içerisinde sizin belirlediğiniz niteliklere göre üretilip kargoya verilir.
Ürünün isim bilgileri ürün ekranında doğru yazılmış olmalıdır. Baskıdan çıkan ürünün baskısının düzeltilebilmesi mümkün değildir.
Kargo teslim almadan önce paketin zarar görmemiş olduğunu kontrol etmeniz ve zarar görmüş ambalajları teslim almamanız gerekmektedir."
Sevimli Ayı Duvar Saati,Saat,58.9,product has not been rated yet,https://www.hediyehanem.com/sevimli-ayi-duvar-saati-38177/,"Ürün Özellikleri




Baskı Türü
Sublimasyon



En
27



Boy
27"
Fil Temalı İsimli Çocuk Yastık - Kız,Yastık,32.9,product has not been rated yet,https://www.hediyehanem.com/fil-temali-isimli-cocuk-yastik-kiz-17086/,"Ürün Özellikleri




Kumaş Türü
Saten



Baskı Türü
Sublimasyon



Boyutlar
40x40 cm






Ürün Açıklaması

Çocuklar ufacık bir hediye bile alsanız size kocaman tebessümler veren bu hayattaki en masum, en içten kişilerdir. Çocuklar  özel günlerde kıyafet, ayakkabı gibi hediyelere de sevinir tabii ama çocukluğuna dair eşyalar, oyuncaklar çocuk ruhuna daha çok hitap eder. Özellikle kız çocukları süslü püslü, renkli ürünlere bayılırlar. Fil Temalı İsimli Çocuk Yastık - Kız çocuğunuz eğer kızsa çok beğeneceğine emin olarak alabileceğiniz bir üründür.
Hediye Sahibi (Hedef Kitle)
Fil Temalı İsimli Çocuk Yastık - Kız kız çocukları için özel bir üründür. Bu şirin ürünü kızınıza, arkadaşlarınızın kız çocuklarına, yeğenlerinize, kız bebek bekleyen yakınlarınıza, aylardır beklediği bebeğine kavuşmuş çiçeği burnunda anne olan arkadaşınıza hediye edebilirsiniz.  
Hediye Zamanı
Çocuklarınıza hediye almak için illa özel bir günü beklemenize hiç gerek yoktur. Doğum günlerinde, karne günlerinde aldığınız hediyelerin yanı sıra rastgele zamanlarda da sürpriz hediyelerle onlara hak ettikleri mutluluğu verebilirsiniz. Fil Temalı İsimli Çocuk Yastık - Kız çocuklarınıza özel günlerde de, herhangi bir günde de sunabileceğiniz tatlı bir hediyedir. Çocuklarınıza arkadaşlarının doğum günü partilerinde vermesi için de Fil Temalı İsimli Çocuk Yastık - Kız ürününü alabilirsiniz. 
Ürün Özellikleri
Fil Temalı İsimli Çocuk Yastık - Kız beyaz saten kumaş üzerine, hediyenin verileceği kişinin ismine özel tasarlanır. Hediye sahibin isminin yanı sıra büyük puntoyla isminin baş harfi ve doğum tahini de yazılır. Yastığın üzerinde büyük, sevimli bir fil resmi vardır.
Teslimat Süresi ve Açıklamalar

Ürün 2 iş günü içerisinde sizin belirlediğiniz niteliklere göre üretilip kargoya verilir.
Ürünün isim ve tarih bilgileri ürün ekranında doğru yazılmış olmalıdır. Baskıdan çıkan ürünün baskısının düzeltilebilmesi mümkün değildir.
Kargo teslim almadan önce paketin zarar görmemiş olduğunu kontrol etmeniz ve zarar görmüş ambalajları teslim almamanız gerekmektedir.

 
Fil Temalı İsimli Çocuk Yastık - Kız Hakkında Bilmeniz Gerekenleri

Yastık saten kumaşdan üretilmiştir.
Sublimasyon baskı tekniği kullanılmıştır.
Yastık üzerindeki baskı kalıcı ve uzun ömürlüdür.
Uzun süre kullanım için ılık suda elle yıkamanız tavsiye edilir.

 
Yastık Ölçüleri

En:  40cm
Boy: 40cm"
Fil Temalı İsimli Çocuk Yastık - Erkek,Yastık,32.9,product has not been rated yet,https://www.hediyehanem.com/fil-temali-isimli-cocuk-yastik-erkek-17087/,"Ürün Özellikleri




Kumaş Türü
Saten



Baskı Türü
Sublimasyon



Boyutlar
40x40 cm






Ürün Açıklaması

Fil Temalı İsimli Çocuk Yastık - Erkek Hakkında Bilmeniz Gerekenleri

Yastık saten kumaşdan üretilmiştir.
Sublimasyon baskı tekniği kullanılmıştır.
Yastık üzerindeki baskı kalıcı ve uzun ömürlüdür.
Uzun süre kullanım için ılık suda elle yıkamanız tavsiye edilir.

 
Yastık Ölçüleri

En:  40cm
Boy: 40cm"
10'a Kaday Sayabiliyoyum Çocuk Odası Saati - Erkek,Saat,58.9,product has not been rated yet,https://www.hediyehanem.com/10a-kaday-sayabiliyoyum-cocuk-odasi-saati-erkek-38175/,"Ürün Özellikleri




Baskı Türü
Sublimasyon



En
27



Boy
27"
10'a Kaday Sayabiliyoyum Çocuk Odası Saati - Kız,Saat,58.9,product has not been rated yet,https://www.hediyehanem.com/10a-kaday-sayabiliyoyum-cocuk-odasi-saati-kiz-38174/,"Ürün Özellikleri




Baskı Türü
Sublimasyon



En
27



Boy
27"
